round,train_mse,val_nrmse,unit_accuracy,base_change,base_agreement,mean_sign_split,r2_1,r2_2,r2_3,u1,u2,u3,u4,u5
0,0.060058217495679855,0.818006157875061,0.2916666666666667,1.0,0.2119140625,0.25223653016568637,-0.49614499584514715,-0.6246046439595436,-0.5481308500027047,0.23697916666666666,0.06575520833333333,0.3307291666666667,0.0703125,0.2962239583333333
1,0.046022962778806686,0.7514742612838745,0.28125,0.8935546875,0.1357421875,0.27728121872439065,-0.31688543512707645,-0.4726875309261316,-0.36149939816287135,0.24283854166666666,0.12076822916666667,0.2587890625,0.150390625,0.22721354166666666
2,0.039576638489961624,0.6935601234436035,0.28515625,0.818359375,0.2216796875,0.5010465875498084,-0.24346503364967576,-0.3689474149530123,-0.3605838885857624,0.2630208333333333,0.13444010416666666,0.23404947916666666,0.15625,0.21223958333333334
3,0.034187912940979004,0.64433753490448,0.3385416666666667,0.7734375,0.30859375,0.5734432717408819,-0.09047867907654394,-0.3438649503037079,-0.44051977059783054,0.2584635416666667,0.138671875,0.23502604166666666,0.14453125,0.22330729166666666
4,0.028942611068487167,0.5922125577926636,0.37109375,0.677734375,0.3251953125,0.6584554409829769,-0.027627156272961084,-0.36080154491194283,-0.521096617038989,0.24869791666666666,0.134765625,0.24381510416666666,0.14713541666666666,0.2255859375
5,0.022775355726480484,0.5338497161865234,0.3958333333333333,0.6552734375,0.3583984375,0.7475788960350981,0.01939439248761987,-0.525624106200814,-0.27935099619953485,0.22037760416666666,0.16015625,0.24055989583333334,0.15169270833333334,0.22721354166666666
6,0.018701251596212387,0.4791162312030792,0.4479166666666667,0.5634765625,0.435546875,0.8076515289631647,-0.020012988957145428,-0.38516413682435524,-0.36944704929755146,0.20768229166666666,0.17252604166666666,0.2373046875,0.166015625,0.21647135416666666
7,0.015498179942369461,0.43763497471809387,0.4908854166666667,0.548828125,0.47265625,0.8433139091819029,0.022758538364335612,-0.15051774648919802,-0.32810430499565224,0.20703125,0.18229166666666666,0.224609375,0.15397135416666666,0.23209635416666666
8,0.01301510352641344,0.40077096223831177,0.5286458333333334,0.5185546875,0.501953125,0.8376971540324575,-0.15332908136967616,-0.02854830598810465,-0.49828243847491716,0.18326822916666666,0.19401041666666666,0.23046875,0.16373697916666666,0.228515625
9,0.011497804895043373,0.4062121510505676,0.5182291666666666,0.478515625,0.474609375,0.856348074046136,-0.46952614957649197,0.013593702578672984,-0.6850959457576349,0.1875,0.19173177083333334,0.22721354166666666,0.166015625,0.2275390625
10,0.010614503175020218,0.3666701018810272,0.5390625,0.453125,0.5107421875,0.852591843764186,-0.575027885770085,0.1530329208103739,-0.12388942140148673,0.18489583333333334,0.20442708333333334,0.21549479166666666,0.16959635416666666,0.2255859375
11,0.009274376556277275,0.3181109130382538,0.5533854166666666,0.4208984375,0.58203125,0.8837954236967379,-0.43193974701563254,0.2532407363586181,0.032535138970398725,0.18782552083333334,0.2099609375,0.2158203125,0.1640625,0.22233072916666666
12,0.006615780759602785,0.2678476870059967,0.5716145833333334,0.384765625,0.6748046875,0.8815626360612043,-0.3307448047906454,0.28403918588827903,0.17588133186098753,0.18782552083333334,0.20475260416666666,0.2158203125,0.16861979166666666,0.22298177083333334
13,0.005037316121160984,0.24653176963329315,0.5638020833333334,0.30859375,0.7060546875,0.904911074047719,-0.2234261982514658,0.21330255136431442,0.13476165549185326,0.18880208333333334,0.19856770833333334,0.22526041666666666,0.1689453125,0.21842447916666666
14,0.003839395474642515,0.22319188714027405,0.5638020833333334,0.275390625,0.732421875,0.9144112495127011,-0.2024669008682911,0.2711982835027805,0.13951387195531317,0.18619791666666666,0.19791666666666666,0.2265625,0.17415364583333334,0.21516927083333334
15,0.003345080651342869,0.20483100414276123,0.5598958333333334,0.2431640625,0.759765625,0.9446664257296762,-0.19769733608351414,0.27286509752065313,0.27285771105215817,0.18684895833333334,0.20377604166666666,0.23209635416666666,0.173828125,0.20345052083333334
16,0.002976832678541541,0.1844913512468338,0.5598958333333334,0.2373046875,0.73828125,0.9551060309821026,-0.20197611729085074,0.2680845242767993,0.3108432021721076,0.18294270833333334,0.19889322916666666,0.23600260416666666,0.18489583333333334,0.197265625
17,0.002267164411023259,0.17049479484558105,0.55078125,0.216796875,0.76953125,0.9712929561846355,-0.15533315166123884,0.2596780540618484,0.3049589486521318,0.17805989583333334,0.18912760416666666,0.2412109375,0.19466145833333334,0.19694010416666666
18,0.0020305144134908915,0.15669991075992584,0.5559895833333334,0.1953125,0.77734375,0.9646062064470847,-0.11399191857982616,0.2330040453444303,0.30975325485661365,0.17708333333333334,0.19205729166666666,0.24088541666666666,0.2021484375,0.18782552083333334
19,0.001807279302738607,0.15767307579517365,0.5494791666666666,0.185546875,0.783203125,0.9798967263247605,0.18173783103240249,0.20880312019367386,0.17999481534414985,0.17643229166666666,0.18489583333333334,0.24186197916666666,0.21223958333333334,0.1845703125
20,0.0018028111662715673,0.1698315143585205,0.5533854166666666,0.1650390625,0.794921875,0.9679901739609965,0.2135317921683192,0.18363259725532033,0.13330498110924704,0.17447916666666666,0.18684895833333334,0.2431640625,0.21516927083333334,0.18033854166666666
21,0.0017298671882599592,0.16408513486385345,0.5494791666666666,0.15625,0.818359375,0.9802225898631374,0.18013699510172587,0.17750889595145347,0.14851068875513707,0.1748046875,0.18326822916666666,0.24576822916666666,0.21875,0.17740885416666666
22,0.0016116545302793384,0.13579748570919037,0.55078125,0.1435546875,0.8125,0.9768386223492254,0.24661105349197376,0.15421770506303445,0.1718436406902687,0.17415364583333334,0.1875,0.24544270833333334,0.2158203125,0.17708333333333334
23,0.0013033238938078284,0.1331583708524704,0.5455729166666666,0.13671875,0.798828125,0.9831995085483994,0.25319532230213204,0.10391653463797224,0.18915645156859695,0.173828125,0.18587239583333334,0.24544270833333334,0.2177734375,0.17708333333333334
24,0.001293272478505969,0.12877240777015686,0.54296875,0.1318359375,0.83984375,0.9889898529610931,0.2658201882517318,0.10743272376925328,0.18792376847687697,0.17317708333333334,0.18001302083333334,0.2470703125,0.22428385416666666,0.17545572916666666
25,0.0011662578908726573,0.12834230065345764,0.546875,0.107421875,0.8154296875,0.9860129342758309,0.22122611333171383,0.1123504947476176,0.20971009555910147,0.17317708333333334,0.17805989583333334,0.25,0.224609375,0.17415364583333334
26,0.0010817027650773525,0.11590921133756638,0.5455729166666666,0.1064453125,0.861328125,0.9887451747129893,0.28250817449724186,0.11333590174205377,0.17980114097824096,0.17317708333333334,0.18196614583333334,0.2490234375,0.220703125,0.17513020833333334
27,0.001149818068370223,0.11479605734348297,0.546875,0.1005859375,0.84765625,0.9856870707374542,0.22728075420213834,0.15573236805202983,0.17802052178813532,0.1728515625,0.18294270833333334,0.248046875,0.22200520833333334,0.17415364583333334
28,0.0009080708841793239,0.10606639087200165,0.5403645833333334,0.1025390625,0.86328125,1.0,0.30366386001208956,0.13559556705812414,0.15231038437013245,0.17350260416666666,0.181640625,0.248046875,0.22298177083333334,0.173828125
29,0.000990971690043807,0.10998164117336273,0.54296875,0.107421875,0.861328125,0.9945355191256832,0.24798375349487212,0.15119351455987673,0.13839129931953897,0.17350260416666666,0.17936197916666666,0.24869791666666666,0.22721354166666666,0.17122395833333334
30,0.0009290441521443427,0.10931532084941864,0.5416666666666666,0.09765625,0.861328125,0.9972677595628415,0.0110639201909708,0.15825111706647177,0.4092010790055217,0.17350260416666666,0.18522135416666666,0.2503255208333333,0.21842447916666666,0.17252604166666666
31,0.0010483695659786463,0.11603457480669022,0.5403645833333334,0.1005859375,0.865234375,1.0,0.2498432032375879,0.1417074869785504,0.10437386277867233,0.17350260416666666,0.18229166666666666,0.2506510416666667,0.21842447916666666,0.17513020833333334
32,0.0009273252217099071,0.10683391243219376,0.54296875,0.09765625,0.861328125,0.9942096555873063,0.3392708435113032,0.14922572143855328,0.14116091200389413,0.17350260416666666,0.18294270833333334,0.2490234375,0.22298177083333334,0.17154947916666666
33,0.0008573361556045711,0.10139293968677521,0.5403645833333334,0.10546875,0.857421875,1.0,0.34139981336777936,0.16286584468189358,0.1176974587876416,0.17350260416666666,0.18522135416666666,0.24544270833333334,0.22265625,0.17317708333333334
34,0.0008138105622492731,0.107005774974823,0.5403645833333334,0.1103515625,0.865234375,1.0,0.3497320037804529,0.19222359212971363,0.13054721818744652,0.17350260416666666,0.18326822916666666,0.248046875,0.2236328125,0.17154947916666666
35,0.000927986460737884,0.1083667054772377,0.5416666666666666,0.1044921875,0.8447265625,0.9972677595628415,0.38105579873122364,0.1440804791337602,0.10991716631241777,0.17350260416666666,0.185546875,0.24609375,0.22330729166666666,0.17154947916666666
36,0.0008438366930931807,0.09491639584302902,0.5403645833333334,0.1103515625,0.8642578125,1.0,0.4036288926159557,0.13422640918939854,0.15914708179206272,0.17350260416666666,0.18359375,0.24837239583333334,0.2216796875,0.1728515625
37,0.0009172026766464114,0.11115743964910507,0.5403645833333334,0.107421875,0.8701171875,1.0,0.3597770064681839,0.13855088178116792,0.17485140282336753,0.17317708333333334,0.1806640625,0.24967447916666666,0.22298177083333334,0.17350260416666666
38,0.0008035267819650471,0.09436158835887909,0.5416666666666666,0.109375,0.8671875,0.9969418960244649,0.3353240322001835,0.12757063241459354,0.19501100373567615,0.17350260416666666,0.18782552083333334,0.248046875,0.2177734375,0.1728515625
39,0.0009018728160299361,0.10446558892726898,0.5403645833333334,0.103515625,0.8671875,1.0,0.35949351732413737,0.160785071114243,0.17037226952423434,0.17317708333333334,0.18131510416666666,0.2506510416666667,0.22135416666666666,0.17350260416666666
