round,train_mse,heldout_nrmse,family_accuracy,assignment_change,restart_agreement,fragmentation,sign_split,magnitude_split,r2_1,r2_2,r2_3,u1,u2,u3,u4,u5
0,0.07798504829406738,0.9327874183654785,0.36787564766839376,1.0,0.9138724523339908,0.5846919123264526,0.21098942914011407,0.17319799159140756,-0.29041658785743163,-0.3766532452877991,-0.3489217216227618,0.006574621959237344,0.0019723865877712033,0.9572649572649573,0.0013149243918474688,0.03287310979618672
1,0.05790000408887863,0.8435471057891846,0.3911917098445596,0.6147271531886916,0.40105193951347795,0.5879414715834347,0.297202671824157,0.19967316960576467,-0.23813065689701074,-0.23343975514056003,-0.4883740363699991,0.23076923076923078,0.20973044049967127,0.3859303090072321,0.09072978303747535,0.08284023668639054
2,0.04223460331559181,0.7732681632041931,0.48704663212435234,0.6817882971729126,0.4418145956607495,0.5184902115253124,0.22600966618630638,0.1787069030178082,-0.3994306014093332,-0.055428589611317136,-0.7088087056665948,0.1492439184746877,0.21893491124260356,0.3333333333333333,0.14990138067061143,0.14858645627876396
3,0.0343085378408432,0.673766553401947,0.533678756476684,0.6035502958579881,0.5082182774490467,0.47218352207099396,0.23846311569815537,0.23014526398012194,-0.47524553372004386,0.17949068575908667,-0.40549402698868064,0.18211702827087442,0.1433267587113741,0.3819855358316897,0.11834319526627218,0.17422748191978962
4,0.026073990389704704,0.5745274424552917,0.6398963730569949,0.4917817225509533,0.5982905982905983,0.36482945924451043,0.3373204334451631,0.16937694904865105,-0.22128893661765403,0.09014933356641008,-0.562280851530093,0.1814595660749507,0.13477975016436555,0.3438527284681131,0.14464168310322156,0.1952662721893491
5,0.01583476923406124,0.41075605154037476,0.7668393782383419,0.37541091387245235,0.7284681130834977,0.23750815523429727,0.3096976136630066,0.13429888399195092,0.0650412990271878,0.08835312572186149,-0.5942776727158678,0.1203155818540434,0.1472715318869165,0.35502958579881655,0.19723865877712032,0.18014464168310323
6,0.007639320567250252,0.3400348722934723,0.8212435233160622,0.22813938198553582,0.8500986193293886,0.18217618314353023,0.20619358077901698,0.11293107971309709,-0.0344090831266366,0.057109702402254325,-0.9223943660996452,0.10782380013149244,0.10256410256410256,0.34648257725180803,0.2215647600262985,0.2215647600262985
7,0.00540123088285327,0.29870668053627014,0.805699481865285,0.13806706114398423,0.8402366863905325,0.19807035092106362,0.21400415920963867,0.09704301075268817,0.02531770953321333,-0.7180537718451518,-1.0725031569229428,0.09335963182117028,0.09072978303747535,0.34911242603550297,0.2294543063773833,0.2373438527284681
8,0.0044004847295582294,0.27348074316978455,0.7694300518134715,0.14792899408284024,0.8165680473372781,0.23518379594898722,0.23785131661843992,0.1499819065343259,0.1062467262419663,-0.22833458967858178,-1.2665424031826307,0.09270216962524655,0.08021038790269559,0.3510848126232742,0.23405654174884943,0.24194608809993426
9,0.004018548876047134,0.2748454511165619,0.7176165803108808,0.16436554898093358,0.7863247863247863,0.2876969242310578,0.15538076839446702,0.16025382547559966,-0.11381771655507866,-0.7932185954133966,-1.0364623349526214,0.11374095989480605,0.09007232084155162,0.3510848126232742,0.2143326758711374,0.23076923076923078
10,0.0035593747161328793,0.2671586275100708,0.7150259067357513,0.21367521367521367,0.7330703484549639,0.2898641326998416,0.10020642726122177,0.12758736559139786,-0.514482373474201,-0.54851483074784,-1.3025048936056756,0.1341222879684418,0.11308349769888232,0.3504273504273504,0.1952662721893491,0.20710059171597633
11,0.003532643197104335,0.2568279802799225,0.6994818652849741,0.26627218934911245,0.6982248520710059,0.30557639409852466,0.23366353332106757,0.09668114143920596,-0.07484330034849362,-0.8377363149161781,-1.1255451564057086,0.15779092702169625,0.12689020381328073,0.34911242603550297,0.1722550953320184,0.19395134779750164
12,0.00326943420805037,0.25258249044418335,0.7305699481865285,0.28336620644312954,0.6936226166995397,0.274256064016004,0.14773417855609636,0.10148883374689827,-0.7395797757126521,-0.5609017974363306,-0.8911516207128001,0.15121630506245892,0.1663379355687048,0.34911242603550297,0.17817225509533202,0.15516107823800132
13,0.0032062267418950796,0.24286752939224243,0.6865284974093264,0.29322813938198555,0.7067718606180144,0.318913061598733,0.024591466372288293,0.05020678246484699,-0.8472895150998494,-0.6807798913333525,-0.8551480408533645,0.17094017094017094,0.18211702827087442,0.34845496383957925,0.15910585141354372,0.1393819855358317
14,0.0031557681504637003,0.24719858169555664,0.7435233160621761,0.32084155161078237,0.6883629191321499,0.2612319746603317,0.06400917702287566,0.050062034739454093,-0.41721579148824395,-0.8762839945777441,-0.9512123730603805,0.1854043392504931,0.19066403681788296,0.34845496383957925,0.1452991452991453,0.1301775147928994
15,0.002938871970400214,0.24888792634010315,0.6994818652849741,0.30834976988823143,0.7113740959894806,0.3057847795282154,0.04726919452946848,0.07467948717948718,-0.254237546422748,-0.6349976366746208,-1.312465465444438,0.1873767258382643,0.1985535831689678,0.34845496383957925,0.14266929651545035,0.12294543063773833
16,0.002949920715764165,0.23924197256565094,0.7538860103626943,0.28994082840236685,0.6995397764628534,0.2505834792031341,0.05937606280072034,0.024206472291149705,-0.7607934289681533,-0.6143884726916595,-0.872570577455088,0.18408941485864563,0.20512820512820512,0.34845496383957925,0.14595660749506903,0.11637080867850098
17,0.002875556703656912,0.2505337595939636,0.7150259067357513,0.28007889546351084,0.7067718606180144,0.2904892889889139,0.034030530605873084,0.05493434656741109,-0.6354042756885985,-0.8577411039981988,-0.7957413338415906,0.19395134779750164,0.23076923076923078,0.34845496383957925,0.13609467455621302,0.09072978303747535
18,0.002852274803444743,0.23304612934589386,0.7305699481865285,0.29914529914529914,0.6896778435239974,0.27404767858631324,0.15802418028445422,0.012668010752688169,-1.0954465742111084,-0.5351636031377549,-0.7445925262931996,0.1794871794871795,0.20512820512820512,0.34845496383957925,0.15055884286653518,0.11637080867850098
19,0.0027542789466679096,0.23060597479343414,0.7176165803108808,0.3149243918474688,0.6923076923076923,0.28738434608652164,0.07214848824437865,0.045807485525227475,-0.43721212219002115,-0.8860355564166147,-1.0249997672368067,0.1755424063116371,0.20315581854043394,0.34845496383957925,0.15450361604207757,0.11834319526627218
20,0.0026871359441429377,0.23475167155265808,0.7305699481865285,0.3129520052596976,0.7001972386587771,0.27436025673084935,0.0875643255780242,0.02350858147229116,-0.8093529156727739,-0.6750194997000278,-1.1024656662748296,0.19986850756081526,0.1946088099934254,0.34845496383957925,0.1301775147928994,0.12689020381328073
21,0.0026480548549443483,0.23893502354621887,0.6994818652849741,0.3116370808678501,0.6949375410913873,0.30536800866883385,0.0538069870261651,0.02398935070306039,-0.7464725584002576,-0.7787073546645518,-0.5669424250046611,0.18803418803418803,0.1932938856015779,0.34845496383957925,0.14201183431952663,0.1282051282051282
22,0.002515314845368266,0.22721971571445465,0.7253886010362695,0.33136094674556216,0.6863905325443787,0.2787988663832625,0.1564345091742352,0.09768145161290322,-0.7650600339619247,-0.7236389531606431,-0.6889991344287079,0.18474687705456935,0.18211702827087442,0.34845496383957925,0.1452991452991453,0.1393819855358317
23,0.002234294544905424,0.2065759301185608,0.7409326424870466,0.3136094674556213,0.6778435239973701,0.26339918312911564,0.08224823122083397,0.029342431761786598,-0.8073811160821935,-0.7521164701525196,-0.7778220305706947,0.19986850756081526,0.17159763313609466,0.34845496383957925,0.1301775147928994,0.14990138067061143
24,0.0022740992717444897,0.20782209932804108,0.7072538860103627,0.3247863247863248,0.6877054569362262,0.2984496124031008,0.13815642753998916,0.01387768817204301,-0.8056731593524227,-1.0378816790626288,-0.7791649010648705,0.18869165023011178,0.18277449046679817,0.34845496383957925,0.14135437212360288,0.13872452333990795
25,0.002274642698466778,0.19934074580669403,0.7098445595854922,0.3254437869822485,0.6883629191321499,0.294927898641327,0.017367209148031065,0.04391801075268816,-0.8018650672351091,-0.12096318952057028,-1.3151179655404288,0.18474687705456935,0.18080210387902695,0.34845496383957925,0.1452991452991453,0.14069690992767916
26,0.0022074836306273937,0.1942792385816574,0.7020725388601037,0.31032215647600264,0.7015121630506246,0.30351337834458614,0.037551362893828634,0.01829249379652605,-0.6476631082242779,-0.17880998360474476,-1.2974950602264181,0.1913214990138067,0.18211702827087442,0.34845496383957925,0.13872452333990795,0.1393819855358317
27,0.0021798512898385525,0.20032382011413574,0.6761658031088082,0.3320184089414859,0.6738987508218277,0.3293531716262399,0.04088472410390218,0.03936621174524399,-0.723822560148254,-0.4685420950844241,-1.2054096320564085,0.16305062458908612,0.17817225509533202,0.34845496383957925,0.16699539776462854,0.1433267587113741
28,0.002204218180850148,0.19582079350948334,0.7020725388601037,0.31952662721893493,0.6811308349769888,0.30278402934066845,0.16494388412196628,0.03903794458229942,-0.4782344579971429,-0.8831896977944242,-1.044948149978905,0.16962524654832348,0.17685733070348456,0.34845496383957925,0.16042077580539119,0.14464168310322156
29,0.0020070993341505527,0.18344703316688538,0.7124352331606217,0.3425378040762656,0.6863905325443787,0.2929690756022339,0.050333545196558895,0.03846929280397023,-0.6785304819180988,-0.5638419071260452,-0.9458347353628693,0.17422748191978962,0.16502301117685733,0.34845496383957925,0.15581854043392504,0.1564760026298488
30,0.00204282789491117,0.18373297154903412,0.7072538860103627,0.31032215647600264,0.6771860618014465,0.29751187796949236,0.06188287866370059,0.07104787014061208,-1.1381837392120988,-0.5148262165386053,-0.6315904204980578,0.16502301117685733,0.16502301117685733,0.34845496383957925,0.16502301117685733,0.1564760026298488
31,0.0018283980898559093,0.18158960342407227,0.6839378238341969,0.3247863247863248,0.6811308349769888,0.3214970409268984,0.1616495503481805,0.10296215880893302,-0.9736916098269066,-0.019740362475911155,-0.8144137895532955,0.1722550953320184,0.17488494411571334,0.34845496383957925,0.15779092702169625,0.14661406969099278
32,0.0017842911183834076,0.18331634998321533,0.7124352331606217,0.3241288625904011,0.68310322156476,0.2926564974576978,0.009444639581625872,0.04514319685690655,-0.8740017372394029,-0.06858809282763478,-0.900308101521071,0.15910585141354372,0.17159763313609466,0.34845496383957925,0.17094017094017094,0.14990138067061143
33,0.0018826042069122195,0.18937641382217407,0.7357512953367875,0.32215647600262987,0.6824457593688363,0.26908810535967326,0.003260881685539211,0.062344913151364756,-0.8489378606736389,-0.23145534724771788,-0.9772972399825455,0.18211702827087442,0.16962524654832348,0.34845496383957925,0.14792899408284024,0.15187376725838264
34,0.0017870328156277537,0.1878564953804016,0.6839378238341969,0.3228139381985536,0.6811308349769888,0.3214970409268984,0.03182896504814312,0.10296215880893302,-0.589383417461258,-0.5150864139301468,-0.8217711070625278,0.168310322156476,0.1722550953320184,0.34845496383957925,0.16173570019723865,0.1492439184746877
35,0.0017655524425208569,0.18273334205150604,0.7046632124352331,0.3214990138067061,0.663379355687048,0.3004084354421939,0.05472204102341088,0.01876550868486354,-0.5513060819215649,-0.8051127579090844,-0.6386887360543108,0.1663379355687048,0.15910585141354372,0.34845496383957925,0.16370808678500987,0.1623931623931624
36,0.0016973345773294568,0.183609277009964,0.6865284974093264,0.3247863247863248,0.673241288625904,0.31912144702842377,0.1807151498932321,0.02389371381306864,-0.8192985664338694,-0.23619126199964113,-0.6527400921557573,0.19395134779750164,0.17488494411571334,0.34845496383957925,0.13609467455621302,0.14661406969099278
37,0.0019496611785143614,0.1796272248029709,0.7072538860103627,0.33136094674556216,0.6725838264299803,0.29761607068433776,0.06147657517520533,0.06046319272125725,-0.7629176179800394,-0.18260036681387692,-0.8053334857900187,0.1722550953320184,0.17422748191978962,0.34845496383957925,0.15779092702169625,0.1472715318869165
38,0.0017503697890788317,0.17933490872383118,0.6813471502590673,0.29980276134122286,0.6640368178829718,0.3242894056847545,0.030289472070293977,0.002724358974358974,-0.7792524193314647,-0.15945105600466913,-0.7088685700514488,0.16502301117685733,0.17357001972386588,0.34845496383957925,0.16502301117685733,0.14792899408284024
39,0.0016420745523646474,0.18311592936515808,0.7046632124352331,0.3175542406311637,0.673241288625904,0.3004084354421939,0.03782037343681179,0.04408602150537635,-0.48057527902951236,-0.48764314129141284,-0.6418615484515631,0.16502301117685733,0.18474687705456935,0.34845496383957925,0.16502301117685733,0.13675213675213677
