sample,adam_support,lbfgsb_support,adam_J,lbfgsb_J,abs_J_diff
0,0,0,4.25387144e-01,4.25387144e-01,0.00000000e+00
1,0,0,9.59603861e-02,9.59604010e-02,1.49011612e-08
2,0,0,9.73837636e-03,9.73837636e-03,0.00000000e+00
3,4,1,2.28775218e-01,2.14302433e-01,1.44727846e-02
4,12,25,5.01067527e-02,4.25470522e-02,7.55970043e-03
5,5,5,8.58636722e-02,8.64308808e-02,5.67208648e-04
6,0,4,3.79694402e-02,3.22968977e-02,5.67254254e-03
7,0,0,0.00000000e+00,0.00000000e+00,0.00000000e+00
8,0,0,1.17555065e-02,1.17555065e-02,0.00000000e+00
9,0,0,7.01751746e-03,7.01751793e-03,4.65661287e-10
10,0,0,1.58763483e-01,1.58763483e-01,0.00000000e+00
11,4,4,1.95769355e-01,1.95827572e-01,5.82168102e-05
12,0,0,1.49336532e-01,1.49336532e-01,0.00000000e+00
13,0,0,9.16867480e-02,9.16867480e-02,0.00000000e+00
14,0,0,1.51538059e-01,1.51538059e-01,0.00000000e+00
15,0,0,3.19342613e-02,3.19342613e-02,0.00000000e+00
16,0,0,1.04308225e-01,1.04308218e-01,7.45058060e-09
17,0,0,0.00000000e+00,0.00000000e+00,0.00000000e+00
18,0,0,6.01215512e-02,6.01215512e-02,0.00000000e+00
19,0,0,1.76684022e-01,1.76684022e-01,0.00000000e+00
20,0,0,9.73989740e-02,9.73989740e-02,0.00000000e+00
21,8,4,1.02973804e-01,1.10672993e-01,7.69918954e-03
22,0,0,3.34113277e-02,3.34113277e-02,0.00000000e+00
23,0,0,2.19499305e-01,2.19499305e-01,0.00000000e+00
24,4,0,1.72441807e-02,1.90743450e-02,1.83016434e-03
25,0,0,6.29503503e-02,6.29503503e-02,0.00000000e+00
26,0,0,2.28681993e-02,2.28681993e-02,0.00000000e+00
27,4,4,5.13334610e-02,5.14986197e-02,1.65158719e-04
28,0,0,2.36056089e-01,2.36056104e-01,1.49011612e-08
29,1,1,5.95385209e-02,5.97140732e-02,1.75552279e-04
30,0,0,2.25968540e-01,2.25968525e-01,1.49011612e-08
31,0,0,4.46789503e-01,4.46789503e-01,0.00000000e+00
32,4,4,1.83911160e-01,1.83739675e-01,1.71484590e-04
33,0,0,1.21470548e-01,1.21470563e-01,1.49011612e-08
34,4,4,1.08711876e-01,1.09153760e-01,4.41884458e-04
35,4,4,4.03511934e-02,4.06452099e-02,2.94016510e-04
36,0,0,7.77117088e-02,7.77117088e-02,0.00000000e+00
37,12,12,2.13443816e-01,2.21253972e-01,7.81015646e-03
38,0,0,1.18353469e-02,1.18353469e-02,0.00000000e+00
39,8,8,3.47621180e-02,3.60625254e-02,1.30040741e-03
40,20,20,2.04956010e-02,2.10342516e-02,5.38650572e-04
41,0,0,0.00000000e+00,0.00000000e+00,0.00000000e+00
42,0,0,3.35291177e-02,3.35291177e-02,0.00000000e+00
43,0,0,3.01513430e-02,3.01513430e-02,0.00000000e+00
44,0,0,1.37061372e-01,1.37061372e-01,0.00000000e+00
45,0,0,1.13005631e-01,1.13005631e-01,0.00000000e+00
46,0,0,1.21039905e-01,1.21039905e-01,0.00000000e+00
47,0,0,5.03720641e-02,5.03720604e-02,3.72529030e-09
48,4,4,8.67715552e-02,8.71403272e-02,3.68771911e-04
49,4,8,2.30775878e-01,2.31054975e-01,2.79096723e-04
50,0,0,3.70798297e-02,3.70798297e-02,0.00000000e+00
51,0,0,1.26815856e-01,1.26815841e-01,1.49011612e-08
52,0,0,1.18201040e-01,1.18201025e-01,1.49011612e-08
53,0,0,2.78573763e-02,2.78573763e-02,0.00000000e+00
54,0,0,1.53671965e-01,1.53671965e-01,0.00000000e+00
55,4,4,1.56198487e-01,1.56609787e-01,4.11299825e-04
56,4,4,1.14887454e-01,1.16625046e-01,1.73759258e-03
57,0,0,1.90851390e-01,1.90851390e-01,0.00000000e+00
58,0,0,0.00000000e+00,0.00000000e+00,0.00000000e+00
59,0,0,1.44976139e-01,1.44976124e-01,1.49011612e-08
60,16,16,7.98593536e-02,7.99236203e-02,6.42666817e-05
61,4,4,1.46249294e-01,1.46096406e-01,1.52887940e-04
62,0,0,1.08847030e-01,1.08847030e-01,0.00000000e+00
63,0,0,1.06849633e-01,1.06849633e-01,0.00000000e+00
64,8,8,3.61849606e-01,3.61587448e-01,2.62158155e-04
65,0,0,1.50986746e-01,1.50986746e-01,0.00000000e+00
66,4,4,1.01522848e-01,1.01365125e-01,1.57723367e-04
67,4,8,5.37784472e-02,6.37795979e-02,1.00011507e-02
68,16,16,3.79423127e-02,3.80519720e-02,1.09659344e-04
69,4,4,7.21798420e-01,7.20443798e-01,1.35462189e-03
70,1,1,3.66928838e-02,3.67602127e-02,6.73288703e-05
71,1,16,1.24660775e-01,1.29156945e-01,4.49617004e-03
72,2,2,1.25601396e-01,1.27452580e-01,1.85118413e-03
73,2,4,1.81608245e-01,1.82928083e-01,1.31983852e-03
74,0,0,1.30508736e-01,1.30508736e-01,0.00000000e+00
75,0,0,4.10880260e-02,4.10880260e-02,0.00000000e+00
76,0,0,1.39982864e-01,1.39982864e-01,0.00000000e+00
77,16,4,2.05531672e-01,2.09264157e-01,3.73248553e-03
78,0,0,1.61422089e-01,1.61422089e-01,0.00000000e+00
79,0,0,8.94699916e-02,8.94699916e-02,0.00000000e+00
80,0,0,5.88891022e-02,5.88890947e-02,7.45058060e-09
81,0,0,9.12872329e-02,9.12872329e-02,0.00000000e+00
82,0,0,1.82242140e-01,1.82242140e-01,0.00000000e+00
83,4,1,9.46890414e-02,9.68589613e-02,2.16991997e-03
84,0,0,3.97513919e-02,3.97513919e-02,0.00000000e+00
85,16,16,4.94496487e-02,4.95312007e-02,8.15520287e-05
86,0,0,3.28939445e-02,3.28939408e-02,3.72529030e-09
87,0,0,8.31820741e-02,8.31820741e-02,0.00000000e+00
88,1,1,2.28005961e-01,2.28065042e-01,5.90810776e-05
89,0,0,0.00000000e+00,0.00000000e+00,0.00000000e+00
90,4,4,1.29886687e-01,1.29889620e-01,2.93350220e-06
91,4,4,1.42462060e-01,1.42392484e-01,6.95755482e-05
92,0,0,4.21821952e-01,4.21821952e-01,0.00000000e+00
93,0,0,9.09853205e-02,9.09853056e-02,1.49011612e-08
94,0,0,9.38236993e-03,9.38236900e-03,9.31322575e-10
95,12,12,4.53588247e-01,4.64849647e-01,1.12613995e-02
96,0,0,3.14284563e-02,3.14284563e-02,0.00000000e+00
97,1,1,3.22921365e-01,3.22923763e-01,2.39706039e-06
98,0,0,3.35665531e-02,3.35665531e-02,0.00000000e+00
99,0,0,4.00597602e-02,4.00597639e-02,3.72529030e-09
